<configs>
	
	<append xpath="/recipes">
		
		<recipe name="vehicleFerrariEvoplaceable" count="1" craft_time="210" craft_area="workbench" tags="workbenchCrafting">
			<ingredient name="vehicleWheels" count="4"/>
			<ingredient name="Ferrari Evo Body" count="1"/>
			<ingredient name="smallEngine" count="1"/>
			<ingredient name="carBattery" count="1"/>
		</recipe>

		<recipe name="Ferrari Evo Body" count="1" craft_time="210" craft_area="workbench" tags="perkGreaseMonkey,learnable,workbenchCrafting">
			<ingredient name="resourceForgedSteel" count="250"/>
			<ingredient name="resourceMechanicalParts" count="40"/>
			<ingredient name="resourceDuctTape" count="20"/>
			<ingredient name="resourceLeather" count="40"/>
			<ingredient name="resourceElectricParts" count="16"/>
			<effect_group>
				<passive_effect name="CraftingIngredientCount" operation="perc_add" level="0,3" value=".5,.5" tags="resourceForgedSteel,resourceMechanicalParts,resourceDuctTape,resourceLeather,resourceElectricParts"/>
			</effect_group>
		</recipe>
		
		
	</append>
</configs>