
<config>
    <append xpath="/item_modifiers">
        <item_modifier name="CarPaint_RED" installable_tags="vehicle" modifier_tags="dye,modDyeRed" type="attachment" cosmetic_install_chance=".13">
                <property name="Extends" value="modGeneralMaster"/>
                <property name="DescriptionKey" value="modDyeGroupDesc"/>
                <property name="CustomIcon" value="AerosolPintura"/>
                <property name="CustomIconTint" value="255,0,0"/>
                <property name="Material" value="Mpaint"/>
                <property name="Weight" value="20"/>

                <item_property_overrides name="*">
                    <property name="TintColor" value="255,0,0"/>
                    <property name="CustomIconTint" value="255,0,0"/>
                    <property name="UMA.Overlay0Tint" value="255,0,0"/>
                </item_property_overrides>
        </item_modifier>
        <item_modifier name="CarPaint_GREEN" installable_tags="vehicle" modifier_tags="dye,modDyeRed" type="attachment" cosmetic_install_chance=".13">
                <property name="Extends" value="modGeneralMaster"/>
                <property name="DescriptionKey" value="modDyeGroupDesc"/>
                <property name="CustomIcon" value="AerosolPintura"/>
                <property name="CustomIconTint" value="0,255,0"/>
                <property name="Material" value="Mpaint"/>
                <property name="Weight" value="20"/>

                <item_property_overrides name="*">
                    <property name="TintColor" value="0,255,0"/>
                    <property name="CustomIconTint" value="0,255,0"/>
                    <property name="UMA.Overlay0Tint" value="0,255,0"/>
                </item_property_overrides>
        </item_modifier>

        <item_modifier name="CarPaint_CYAN" installable_tags="vehicle" modifier_tags="dye,modDyeRed" type="attachment" cosmetic_install_chance=".13">
                <property name="Extends" value="modGeneralMaster"/>
                <property name="DescriptionKey" value="modDyeGroupDesc"/>
                <property name="CustomIcon" value="AerosolPintura"/>
                <property name="CustomIconTint" value="0,255,255"/>
                <property name="Material" value="Mpaint"/>
                <property name="Weight" value="20"/>

                <item_property_overrides name="*">
                    <property name="TintColor" value="0,255,255"/>
                    <property name="CustomIconTint" value="0,255,255"/>
                    <property name="UMA.Overlay0Tint" value="0,255,255"/>
                </item_property_overrides>
        </item_modifier>

        <item_modifier name="CarPaint_ORANGE" installable_tags="vehicle" modifier_tags="dye,modDyeRed" type="attachment" cosmetic_install_chance=".13">
                <property name="Extends" value="modGeneralMaster"/>
                <property name="DescriptionKey" value="modDyeGroupDesc"/>
                <property name="CustomIcon" value="AerosolPintura"/>
                <property name="CustomIconTint" value="255,128,0"/>
                <property name="Material" value="Mpaint"/>
                <property name="Weight" value="20"/>

                <item_property_overrides name="*">
                    <property name="TintColor" value="255,128,0"/>
                    <property name="CustomIconTint" value="255,128,0"/>
                    <property name="UMA.Overlay0Tint" value="255,128,0"/>
                </item_property_overrides>
        </item_modifier>

        <item_modifier name="CarPaint_YELLOW" installable_tags="vehicle" modifier_tags="dye,modDyeRed" type="attachment" cosmetic_install_chance=".13">
                <property name="Extends" value="modGeneralMaster"/>
                <property name="DescriptionKey" value="modDyeGroupDesc"/>
                <property name="CustomIcon" value="AerosolPintura"/>
                <property name="CustomIconTint" value="255,255,0"/>
                <property name="Material" value="Mpaint"/>
                <property name="Weight" value="20"/>

                <item_property_overrides name="*">
                    <property name="TintColor" value="255,255,0"/>
                    <property name="CustomIconTint" value="255,255,0"/>
                    <property name="UMA.Overlay0Tint" value="255,255,0"/>
                </item_property_overrides>
        </item_modifier>

         <item_modifier name="CarPaint_BLUE" installable_tags="vehicle" modifier_tags="dye,modDyeRed" type="attachment" cosmetic_install_chance=".13">
                <property name="Extends" value="modGeneralMaster"/>
                <property name="DescriptionKey" value="modDyeGroupDesc"/>
                <property name="CustomIcon" value="AerosolPintura"/>
                <property name="CustomIconTint" value="0,0,255"/>
                <property name="Material" value="Mpaint"/>
                <property name="Weight" value="20"/>

                <item_property_overrides name="*">
                    <property name="TintColor" value="0,0,255"/>
                    <property name="CustomIconTint" value="0,0,255"/>
                    <property name="UMA.Overlay0Tint" value="0,0,255"/>
                </item_property_overrides>
        </item_modifier>

        <item_modifier name="CarPaint_PURPLE" installable_tags="vehicle" modifier_tags="dye,modDyeRed" type="attachment" cosmetic_install_chance=".13">
                <property name="Extends" value="modGeneralMaster"/>
                <property name="DescriptionKey" value="modDyeGroupDesc"/>
                <property name="CustomIcon" value="AerosolPintura"/>
                <property name="CustomIconTint" value="127,0,255"/>
                <property name="Material" value="Mpaint"/>
                <property name="Weight" value="20"/>

                <item_property_overrides name="*">
                    <property name="TintColor" value="127,0,255"/>
                    <property name="CustomIconTint" value="127,0,255"/>
                    <property name="UMA.Overlay0Tint" value="127,0,255"/>
                </item_property_overrides>
        </item_modifier>

        <item_modifier name="CarPaint_PINK" installable_tags="vehicle" modifier_tags="dye,modDyeRed" type="attachment" cosmetic_install_chance=".13">
                <property name="Extends" value="modGeneralMaster"/>
                <property name="DescriptionKey" value="modDyeGroupDesc"/>
                <property name="CustomIcon" value="AerosolPintura"/>
                <property name="CustomIconTint" value="255,0,255"/>
                <property name="Material" value="Mpaint"/>
                <property name="Weight" value="20"/>

                <item_property_overrides name="*">
                    <property name="TintColor" value="255,0,255"/>
                    <property name="CustomIconTint" value="255,0,255"/>
                    <property name="UMA.Overlay0Tint" value="255,0,255"/>
                </item_property_overrides>
        </item_modifier>

        <item_modifier name="CarPaint_BLACK" installable_tags="vehicle" modifier_tags="dye,modDyeRed" type="attachment" cosmetic_install_chance=".13">
                <property name="Extends" value="modGeneralMaster"/>
                <property name="DescriptionKey" value="modDyeGroupDesc"/>
                <property name="CustomIcon" value="AerosolPintura"/>
                <property name="CustomIconTint" value="0,0,0"/>
                <property name="Material" value="Mpaint"/>
                <property name="Weight" value="20"/>

                <item_property_overrides name="*">
                    <property name="TintColor" value="0,0,0"/>
                    <property name="CustomIconTint" value="0,0,0"/>
                    <property name="UMA.Overlay0Tint" value="0,0,0"/>
                </item_property_overrides>
        </item_modifier>

    </append>
</config>