<configs>
	
	<append xpath="/recipes">
		
		<recipe name="CarPaint_RED" count="1" craft_time="5" >
			<ingredient name="resourcePaint" count="5"/>
		</recipe>

		<recipe name="CarPaint_GREEN" count="1" craft_time="5" >
			<ingredient name="resourcePaint" count="5"/>
		</recipe>

		<recipe name="CarPaint_CYAN" count="1" craft_time="5" >
			<ingredient name="resourcePaint" count="5"/>
		</recipe>

		<recipe name="CarPaint_ORANGE" count="1" craft_time="5" >
			<ingredient name="resourcePaint" count="5"/>
		</recipe>

		<recipe name="CarPaint_YELLOW" count="1" craft_time="5" >
			<ingredient name="resourcePaint" count="5"/>
		</recipe>

		<recipe name="CarPaint_BLUE" count="1" craft_time="5" >
			<ingredient name="resourcePaint" count="5"/>
		</recipe>

		<recipe name="CarPaint_PURPLE" count="1" craft_time="5" >
			<ingredient name="resourcePaint" count="5"/>
		</recipe>

		<recipe name="CarPaint_PINK" count="1" craft_time="5" >
			<ingredient name="resourcePaint" count="5"/>
		</recipe>

		<recipe name="CarPaint_BLACK" count="1" craft_time="5" >
			<ingredient name="resourcePaint" count="5"/>
		</recipe>

		
	</append>
</configs>